Model,RMSE,MAE,R2
Linear Regression,3.337210664834044,2.4707509707290374,0.795555126735911
Random Forest,5.158538466607137,4.060618390804598,0.5115025222970112
XGBoost,4.875675043520892,3.7049254299032275,0.5636062876563497
